,Episode,Timestep,Policy_Loss,Critic_Loss,Reward,RM_Reward,Ref_Reward
0,0,8,2.898706163989573e-09,0.6172724962234497,-5.803703308105469,-5.8037028312683105,0.0
1,0,16,-0.05967387557029724,1.137577772140503,-4.687688827514648,-4.687688827514648,-0.016341302543878555
2,0,24,-0.09500409662723541,1.3752844333648682,-5.264744758605957,-5.264744758605957,-0.02170153521001339
3,0,32,-0.08348602056503296,1.3592393398284912,-6.066168785095215,-6.066168785095215,-0.032483819872140884
4,1,40,-0.027510017156600952,0.6166030764579773,-5.1250200271606445,-5.1250200271606445,-0.06087174639105797
5,1,48,-0.08130398392677307,1.3231006860733032,-5.634413719177246,-5.634413719177246,-0.06371716409921646
6,1,56,-0.07890118658542633,0.9940635561943054,-4.555176258087158,-4.555176258087158,-0.05708307772874832
7,1,64,-0.08736632764339447,0.9573522806167603,-5.517604827880859,-5.517604827880859,-0.06654065102338791
8,2,72,-0.08710557222366333,1.5121632814407349,-5.729124069213867,-5.729124069213867,-0.08837711066007614
9,2,80,-0.09180735051631927,1.5731127262115479,-5.483518600463867,-5.483518600463867,-0.10085480660200119
10,2,88,-0.08733480423688889,1.4787453413009644,-6.12044620513916,-6.12044620513916,-0.09106554090976715
11,2,96,-0.09641830623149872,1.675101637840271,-6.261346817016602,-6.261346340179443,-0.12654298543930054
12,3,104,-0.09656616300344467,1.1834871768951416,-5.760587692260742,-5.760587215423584,-0.11298815906047821
13,3,112,-0.08557797223329544,1.6152608394622803,-5.594315528869629,-5.594315528869629,-0.12923768162727356
14,3,120,-0.08617142587900162,1.3975735902786255,-5.973374366760254,-5.973374366760254,-0.12329623848199844
15,3,128,-0.08156523108482361,1.0187952518463135,-5.649257659912109,-5.649258613586426,-0.11227911710739136
16,4,136,-0.08416908979415894,1.277451753616333,-5.874197006225586,-5.8741960525512695,-0.13784587383270264
17,4,144,-0.07431825995445251,1.0207533836364746,-6.480600357055664,-6.480600357055664,-0.1338573396205902
18,4,152,-0.06653286516666412,1.4778718948364258,-5.360703468322754,-5.360703468322754,-0.10616206377744675
19,4,160,-0.06783907860517502,0.9406367540359497,-5.515519142150879,-5.515519142150879,-0.13405677676200867
20,5,168,-0.04050968959927559,1.1871250867843628,-4.221050262451172,-4.221050262451172,-0.12419058382511139
21,5,176,-0.0382399819791317,0.8385368585586548,-4.770999908447266,-4.770999908447266,-0.11341045051813126
22,5,184,-0.027611050754785538,0.7234971523284912,-4.253324508666992,-4.253324508666992,-0.0711636170744896
23,5,192,-0.015811294317245483,1.3775520324707031,-3.1682684421539307,-3.1682682037353516,-0.05678660422563553
24,6,200,-0.002927490510046482,1.1344332695007324,-2.0533876419067383,-2.0533876419067383,-0.055863577872514725
25,6,208,-0.004032626748085022,0.5838931202888489,-1.7522854804992676,-1.752285361289978,-0.04295358806848526
26,6,216,-0.0033047357574105263,0.13024313747882843,-2.865844964981079,-2.8658447265625,-0.0448077954351902
27,6,224,-0.0004887650138698518,0.5641417503356934,-1.8242340087890625,-1.824233889579773,-0.05344761162996292
28,7,232,-0.018645815551280975,0.25566810369491577,-2.2174935340881348,-2.217493772506714,-0.025035928934812546
29,7,240,0.0003497186116874218,0.1862976849079132,-2.182574987411499,-2.182574987411499,-0.06534458696842194
30,7,248,-0.008955025114119053,0.12243519723415375,-2.7274014949798584,-2.7274014949798584,-0.03980650380253792
31,7,256,-0.003946041222661734,0.24456378817558289,-2.691511631011963,-2.691511631011963,-0.04490043967962265
32,8,264,-0.00013364550250116736,0.15315668284893036,-2.180206298828125,-2.180206298828125,-0.04012632742524147
33,8,272,-0.026502147316932678,0.390794575214386,-2.2906675338745117,-2.2906675338745117,-0.05499628558754921
34,8,280,-0.025353340432047844,0.10278457403182983,-2.6715593338012695,-2.6715593338012695,-0.04834292456507683
35,8,288,-0.033551331609487534,0.3161478042602539,-2.7440438270568848,-2.7440438270568848,-0.026964491233229637
36,9,296,-0.017751917243003845,0.2467857450246811,-2.296401262283325,-2.296401262283325,-0.07330433279275894
37,9,304,-0.0006055277190171182,0.08623860031366348,-2.400784492492676,-2.400784492492676,-0.04814380407333374
38,9,312,-0.04869488254189491,0.6443281173706055,-2.3120651245117188,-2.3120648860931396,-0.060046978294849396
39,9,320,-0.026818765327334404,0.7940320372581482,-3.13175106048584,-3.13175106048584,-0.07963335514068604
40,10,328,-0.005166069604456425,0.22114460170269012,-3.2523980140686035,-3.2523980140686035,-0.05794503912329674
41,10,336,-0.001058027846738696,0.1729736328125,-2.6246848106384277,-2.6246848106384277,-0.04057447612285614
42,10,344,-0.00345613737590611,0.1964208334684372,-1.035129427909851,-1.0351293087005615,-0.0416041798889637
43,10,352,-0.0006254332838580012,0.0977596715092659,-2.1404643058776855,-2.1404643058776855,-0.044844552874565125
44,11,360,-0.011947577819228172,0.36162224411964417,-2.5512704849243164,-2.5512704849243164,-0.05822459235787392
45,11,368,-0.024830564856529236,0.21974259614944458,-1.540895700454712,-1.540895700454712,-0.047962483018636703
46,11,376,-0.00206373562105,0.10829252004623413,-2.221740245819092,-2.221740245819092,-0.043852854520082474
47,11,384,-0.002482243347913027,0.03703735023736954,-1.9191138744354248,-1.9191138744354248,-0.04316450655460358
48,12,392,-0.000535439292434603,0.12084001302719116,-1.3532984256744385,-1.353298544883728,-0.049987781792879105
49,12,400,-0.0014729188987985253,0.07210583984851837,-1.7472963333129883,-1.7472963333129883,-0.03609301894903183
50,12,408,-0.0010695398086681962,0.1623820811510086,-2.1449708938598633,-2.1449708938598633,-0.04114586487412453
51,12,416,-0.0006719335215166211,0.24494224786758423,-2.9407548904418945,-2.9407548904418945,-0.0423358753323555
52,13,424,-0.0014386302791535854,0.07764224708080292,-1.1858971118927002,-1.1858971118927002,-0.042621031403541565
53,13,432,-0.0009412888903170824,0.1159713864326477,-2.459329128265381,-2.4593288898468018,-0.04569459706544876
54,13,440,-0.0004233077634125948,0.21546298265457153,-1.4350581169128418,-1.4350581169128418,-0.04086369276046753
55,13,448,-0.0020934559870511293,0.08304482698440552,-1.4557836055755615,-1.455783486366272,-0.05267653986811638
56,14,456,-0.0013924874365329742,0.06313430517911911,-2.2975692749023438,-2.297569513320923,-0.037629593163728714
57,14,464,-0.0009171206620521843,0.0690440908074379,-2.311013698577881,-2.311013698577881,-0.04087674990296364
58,14,472,-0.0023352568969130516,0.05129313841462135,-2.162886619567871,-2.16288685798645,-0.03978792577981949
59,14,480,-0.0014309737598523498,0.0956231951713562,-2.2796120643615723,-2.2796120643615723,-0.043064896017313004
60,15,488,-0.0010196074144914746,0.0915214866399765,-1.8402040004730225,-1.840204119682312,-0.043810293078422546
61,15,496,-0.002385033294558525,0.07930567860603333,-2.013458251953125,-2.013458251953125,-0.036274608224630356
62,15,504,-0.0013556911144405603,0.05886751413345337,-2.41780948638916,-2.417809247970581,-0.042010027915239334
63,15,512,-0.004842216148972511,0.16783258318901062,-2.2580957412719727,-2.2580957412719727,-0.04207446426153183
64,16,520,-0.0003436628612689674,0.1492110639810562,-3.0177783966064453,-3.0177788734436035,-0.04711081460118294
65,16,528,-0.0021536352578550577,0.0629124864935875,-2.6788642406463623,-2.6788644790649414,-0.037117864936590195
66,16,536,-0.0011768997646868229,0.10518719255924225,-2.5941293239593506,-2.5941290855407715,-0.04673986881971359
67,16,544,-0.0016442573396489024,0.06551101803779602,-2.4033520221710205,-2.4033520221710205,-0.04198988527059555
68,17,552,-0.00573943043127656,0.08231644332408905,-1.9055770635604858,-1.9055770635604858,-0.04099465161561966
69,17,560,-0.0038644014857709408,0.06633833050727844,-1.631514549255371,-1.6315146684646606,-0.04431956633925438
70,17,568,-0.005015384405851364,0.049573007971048355,-1.6473350524902344,-1.6473350524902344,-0.03813866898417473
71,17,576,-0.002761299256235361,0.07615259289741516,-1.8843235969543457,-1.8843234777450562,-0.05619348958134651
72,18,584,-0.001038795686326921,0.2591576874256134,-2.864046096801758,-2.864046096801758,-0.03971116989850998
73,18,592,-0.004569884855300188,0.10226728022098541,-2.7307496070861816,-2.7307498455047607,-0.045141395181417465
74,18,600,-0.0031595430336892605,0.08962772786617279,-1.6746121644973755,-1.6746121644973755,-0.04118884354829788
75,18,608,-0.0036552075762301683,0.12570813298225403,-1.5134962797164917,-1.5134961605072021,-0.04839480668306351
76,19,616,-0.0011500996770337224,0.05706792697310448,-2.2496910095214844,-2.2496907711029053,-0.050227079540491104
77,19,624,-0.004279312212020159,0.14831207692623138,-2.267106533050537,-2.267106533050537,-0.045619696378707886
78,19,632,-0.006581566296517849,0.073827363550663,-2.2013356685638428,-2.2013356685638428,-0.033864881843328476
79,19,640,-0.0024845420848578215,0.18049687147140503,-2.697319984436035,-2.697319984436035,-0.03873076289892197
80,20,648,-0.00217517651617527,0.08037043362855911,-2.33498477935791,-2.33498477935791,-0.03835274651646614
81,20,656,-0.00129977788310498,0.050159305334091187,-2.336920738220215,-2.336920738220215,-0.03777807950973511
82,20,664,-0.0018185911467298865,0.15029075741767883,-1.8782318830490112,-1.8782317638397217,-0.05233527719974518
83,20,672,-0.00991624966263771,0.16730180382728577,-1.7171499729156494,-1.7171499729156494,-0.046214766800403595
84,21,680,-0.003730335272848606,0.081809863448143,-2.600259780883789,-2.600260019302368,-0.04533625394105911
85,21,688,-0.0013940833741798997,0.048011139035224915,-2.509300947189331,-2.509300947189331,-0.037201493978500366
86,21,696,-0.0019737929105758667,0.04435569792985916,-1.8275210857391357,-1.8275209665298462,-0.045177169144153595
87,21,704,-0.0010249869665130973,0.12325691431760788,-2.333759069442749,-2.333759069442749,-0.039487846195697784
88,22,712,-0.0013950732536613941,0.08009418100118637,-1.9533703327178955,-1.953370451927185,-0.03434385731816292
89,22,720,-0.0024602694902569056,0.09730427712202072,-1.8130359649658203,-1.8130358457565308,-0.03870084509253502
90,22,728,-0.0010628605959936976,0.04302544891834259,-1.8829059600830078,-1.8829059600830078,-0.03430454060435295
91,22,736,-0.0032021510414779186,0.1488468050956726,-2.517094373703003,-2.517094135284424,-0.05656025558710098
92,23,744,-0.0006678847130388021,0.3016430139541626,-3.240346908569336,-3.240346908569336,-0.05409284308552742
93,23,752,-0.0015644561499357224,0.12844698131084442,-1.8484725952148438,-1.8484725952148438,-0.05263233184814453
94,23,760,-0.0006130129331722856,0.12383759766817093,-3.1400656700134277,-3.1400656700134277,-0.04922317713499069
95,23,768,-0.002030551666393876,0.1450337916612625,-2.3153164386749268,-2.3153164386749268,-0.037448324263095856
96,24,776,-0.00012335290375631303,0.12113259732723236,-2.6094255447387695,-2.6094253063201904,-0.03525695577263832
97,24,784,-0.0021322413813322783,0.08872738480567932,-1.7463176250457764,-1.746317744255066,-0.03883226215839386
98,24,792,-0.003095874097198248,0.0826241746544838,-2.7132983207702637,-2.7132985591888428,-0.041133347898721695
99,24,800,-0.007494735531508923,0.16285990178585052,-1.3421729803085327,-1.3421730995178223,-0.06250972300767899
100,25,808,-0.005920856259763241,0.08863593637943268,-1.8895847797393799,-1.8895847797393799,-0.049182288348674774
101,25,816,-0.0029990561306476593,0.1892695277929306,-2.973426342010498,-2.973426580429077,-0.06321274489164352
102,25,824,-0.0027200435288250446,0.1322849541902542,-2.0475926399230957,-2.0475926399230957,-0.03500906005501747
103,25,832,-0.0006653115269728005,0.13064569234848022,-2.0585293769836426,-2.0585296154022217,-0.031477149575948715
104,26,840,-0.0018556100549176335,0.1121872067451477,-1.457026720046997,-1.4570268392562866,-0.04714397341012955
105,26,848,-0.0025200634263455868,0.07480552792549133,-1.8556491136550903,-1.8556491136550903,-0.03509874641895294
106,26,856,-0.0015419713454321027,0.044433921575546265,-2.201265811920166,-2.201265811920166,-0.04188424348831177
107,26,864,-0.0013177900109440088,0.07086625695228577,-2.611337661743164,-2.611337900161743,-0.04231901094317436
108,27,872,-0.0016913334839046001,0.0780431479215622,-2.5224456787109375,-2.5224459171295166,-0.03758949413895607
109,27,880,-0.0021287512499839067,0.09603416919708252,-1.4319570064544678,-1.4319570064544678,-0.03332333266735077
110,27,888,-0.0029230760410428047,0.060973770916461945,-2.097562551498413,-2.097562551498413,-0.04056628420948982
111,27,896,-0.0050255716778337955,0.05329926684498787,-2.002333879470825,-2.002333879470825,-0.034638967365026474
112,28,904,-0.0031217089854180813,0.12922264635562897,-2.8553085327148438,-2.855308771133423,-0.03252813220024109
113,28,912,-0.0059366170316934586,0.10349344462156296,-2.468623638153076,-2.4686238765716553,-0.057522002607584
114,28,920,-0.001494084601290524,0.11421720683574677,-1.343095302581787,-1.343095302581787,-0.03412940353155136
115,28,928,-0.02113271877169609,0.16737648844718933,-1.3709368705749512,-1.3709368705749512,-0.05310484394431114
116,29,936,-0.004069315269589424,0.0494503416121006,-1.927955985069275,-1.9279561042785645,-0.03286449611186981
117,29,944,-0.004785087425261736,0.11559749394655228,-2.2161030769348145,-2.2161028385162354,-0.060133349150419235
118,29,952,-0.000890879484359175,0.08954045176506042,-1.8954229354858398,-1.8954228162765503,-0.03764519840478897
119,29,960,-0.0022483093198388815,0.05662989988923073,-2.5533316135406494,-2.5533318519592285,-0.041503023356199265
120,30,968,-0.003100303001701832,0.024614175781607628,-2.387241840362549,-2.3872416019439697,-0.04035564512014389
121,30,976,-0.0022598488721996546,0.10385254770517349,-1.7287135124206543,-1.7287135124206543,-0.03674052283167839
122,30,984,-0.0011602980084717274,0.1511436104774475,-2.559964656829834,-2.559964656829834,-0.03692743927240372
123,30,992,-0.004103665240108967,0.0700162798166275,-2.817336082458496,-2.817336082458496,-0.03582429513335228
124,31,1000,-0.006170283071696758,0.08020053058862686,-2.9610519409179688,-2.9610519409179688,-0.04617869853973389
125,31,1008,-0.002693452639505267,0.07864141464233398,-2.338326930999756,-2.338327169418335,-0.04808484762907028
126,31,1016,-0.0034811790101230145,0.05439164489507675,-2.2029929161071777,-2.2029929161071777,-0.04282597452402115
127,31,1024,-0.0024942918680608273,0.04801083356142044,-2.192897319793701,-2.192897319793701,-0.034036412835121155
128,32,1032,-0.0021520229056477547,0.21534757316112518,-2.4501214027404785,-2.4501214027404785,-0.04572608694434166
129,32,1040,-0.014276833273470402,0.1288054883480072,-2.587036609649658,-2.587036609649658,-0.04355666786432266
130,32,1048,-0.01574355736374855,0.07582339644432068,-2.6448676586151123,-2.6448676586151123,-0.03486208990216255
131,32,1056,-0.003770498326048255,0.059835970401763916,-1.5902913808822632,-1.5902913808822632,-0.036962930113077164
132,33,1064,-0.0016909056575968862,0.050441280007362366,-2.15252685546875,-2.152526617050171,-0.03306344151496887
133,33,1072,-0.003699914086610079,0.05248361453413963,-1.7835478782653809,-1.7835478782653809,-0.03865043818950653
134,33,1080,-0.014958029612898827,0.11116258054971695,-2.556922435760498,-2.556922674179077,-0.04603893682360649
135,33,1088,-0.0033458699472248554,0.20092511177062988,-2.9489991664886475,-2.9489994049072266,-0.04690472409129143
136,34,1096,-0.001767560956068337,0.041200801730155945,-2.4881439208984375,-2.4881436824798584,-0.04317454248666763
137,34,1104,-0.020229849964380264,0.11144593358039856,-2.20580792427063,-2.20580792427063,-0.06380539387464523
138,34,1112,-0.0025278772227466106,0.13323622941970825,-1.5437208414077759,-1.5437208414077759,-0.04696378484368324
139,34,1120,0.003945403732359409,0.13708066940307617,-2.707514524459839,-2.707514524459839,-0.05148757994174957
140,35,1128,-0.003993456717580557,0.04516991227865219,-2.2351465225219727,-2.2351465225219727,-0.05217274650931358
141,35,1136,-0.0011726110242307186,0.04039753973484039,-1.6314588785171509,-1.6314588785171509,-0.03367476165294647
142,35,1144,-0.004064462147653103,0.03211113065481186,-2.7959351539611816,-2.7959351539611816,-0.039113231003284454
143,35,1152,-0.0049282279796898365,0.09912575036287308,-2.6856720447540283,-2.6856720447540283,-0.04712696745991707
144,36,1160,-0.002030793344601989,0.03226608783006668,-2.2425336837768555,-2.2425334453582764,-0.049671560525894165
145,36,1168,-0.004567996598780155,0.02498575486242771,-2.552456855773926,-2.552456855773926,-0.04766243323683739
146,36,1176,-0.008749210275709629,0.05527075380086899,-2.1955971717834473,-2.1955974102020264,-0.05511072278022766
147,36,1184,-0.0018663626397028565,0.09385434538125992,-2.853334903717041,-2.853334903717041,-0.046096738427877426
148,37,1192,0.015199115499854088,0.28308969736099243,-2.869220733642578,-2.869220495223999,-0.060633584856987
149,37,1200,-0.0016918047331273556,0.10276398807764053,-2.635230302810669,-2.635230302810669,-0.03776600584387779
150,37,1208,-0.00213411427102983,0.04362216964364052,-1.877179503440857,-1.877179503440857,-0.043281324207782745
151,37,1216,-0.00206904299557209,0.05347149819135666,-1.4700419902801514,-1.4700418710708618,-0.05281724035739899
152,38,1224,-0.002747542690485716,0.05249732360243797,-2.3286139965057373,-2.3286142349243164,-0.04991377145051956
153,38,1232,-0.004464376252144575,0.05006144940853119,-1.4221292734146118,-1.4221292734146118,-0.042803775519132614
154,38,1240,-0.003203656757250428,0.08431507647037506,-1.9898788928985596,-1.9898786544799805,-0.049652282148599625
155,38,1248,-0.0012693752069026232,0.038912657648324966,-2.2949419021606445,-2.2949419021606445,-0.0450679212808609
156,39,1256,-0.0038341679610311985,0.05406225472688675,-1.4676482677459717,-1.4676482677459717,-0.05308401212096214
157,39,1264,-0.008038882166147232,0.10229116678237915,-2.739785671234131,-2.73978590965271,-0.042349714785814285
158,39,1272,-0.0032349498942494392,0.05497220903635025,-1.892035961151123,-1.892035961151123,-0.05247146263718605
159,39,1280,-0.004253230057656765,0.057295650243759155,-3.0500431060791016,-3.0500433444976807,-0.045848947018384933
160,40,1288,-0.003062272910028696,0.0403183251619339,-3.028275489807129,-3.028275489807129,-0.037255361676216125
161,40,1296,-0.001391849247738719,0.055721744894981384,-2.232381820678711,-2.232381820678711,-0.04165450856089592
162,40,1304,-0.0025086444802582264,0.045651957392692566,-2.1656484603881836,-2.1656484603881836,-0.03926544263958931
163,40,1312,-0.00044447329128161073,0.10327130556106567,-3.079223155975342,-3.079223394393921,-0.035566575825214386
164,41,1320,-0.003021033713594079,0.03949107229709625,-2.056873321533203,-2.0568735599517822,-0.044608935713768005
165,41,1328,-0.0018158497987315059,0.08161860704421997,-2.5828018188476562,-2.5828018188476562,-0.058146923780441284
166,41,1336,-0.009186177514493465,0.04411802440881729,-2.7684378623962402,-2.7684378623962402,-0.06075988709926605
167,41,1344,-0.004791164305061102,0.09389538317918777,-2.5945849418640137,-2.5945847034454346,-0.049255695194005966
168,42,1352,-0.0029026917181909084,0.03732740134000778,-1.6838657855987549,-1.6838656663894653,-0.04635920375585556
169,42,1360,-0.003215083619579673,0.020711533725261688,-1.670156478881836,-1.670156478881836,-0.036213573068380356
170,42,1368,-0.006472818553447723,0.020740237087011337,-2.769352912902832,-2.769353151321411,-0.05262313410639763
171,42,1376,-0.005407665856182575,0.02016027644276619,-1.2363367080688477,-1.2363368272781372,-0.03993454948067665
172,43,1384,-0.006915304809808731,0.03633780777454376,-2.2690317630767822,-2.2690317630767822,-0.06610880047082901
173,43,1392,-0.004056960344314575,0.025826983153820038,-2.180050849914551,-2.180050849914551,-0.04899255931377411
174,43,1400,-0.0026646768674254417,0.029108799993991852,-1.8371467590332031,-1.8371467590332031,-0.046468254178762436
175,43,1408,-0.003341060131788254,0.048957936465740204,-2.1542418003082275,-2.1542418003082275,-0.03654707223176956
176,44,1416,-0.0020177753176540136,0.025935884565114975,-2.028061628341675,-2.028061628341675,-0.04391706734895706
177,44,1424,-0.006552229635417461,0.03810703009366989,-2.5758864879608154,-2.5758862495422363,-0.040993835777044296
178,44,1432,-0.002619698643684387,0.04092871770262718,-2.82039737701416,-2.82039737701416,-0.036939892917871475
179,44,1440,-0.0038788635283708572,0.03199620544910431,-2.4665353298187256,-2.4665353298187256,-0.04109330102801323
180,45,1448,-0.004255496896803379,0.03577964007854462,-1.8390601873397827,-1.8390603065490723,-0.03891560807824135
181,45,1456,-0.017760727554559708,0.19457893073558807,-1.653218150138855,-1.6532180309295654,-0.048304010182619095
182,45,1464,-0.005785330664366484,0.014112870208919048,-2.128300905227661,-2.128300905227661,-0.034290727227926254
183,45,1472,-0.010175591334700584,0.020557299256324768,-1.8841758966445923,-1.8841760158538818,-0.03015741892158985
184,46,1480,-0.0022591203451156616,0.02834252640604973,-2.1613059043884277,-2.1613059043884277,-0.03702512010931969
185,46,1488,-0.0024390225298702717,0.027993330731987953,-2.0968148708343506,-2.0968148708343506,-0.040699493139982224
186,46,1496,-0.002224333118647337,0.019525151699781418,-2.2206530570983887,-2.2206530570983887,-0.043751589953899384
187,46,1504,-0.005211059469729662,0.017962785437703133,-1.8055169582366943,-1.8055169582366943,-0.04160137474536896
188,47,1512,-0.002833865350112319,0.037893056869506836,-2.615222930908203,-2.615222692489624,-0.04806266352534294
189,47,1520,-0.0027236402966082096,0.037522267550230026,-2.880858898162842,-2.880859136581421,-0.05718513950705528
190,47,1528,-0.0022241687402129173,0.019253287464380264,-2.4128048419952393,-2.4128048419952393,-0.05163118988275528
191,47,1536,-0.0030893359798938036,0.04113902896642685,-2.134840726852417,-2.134840726852417,-0.05769690126180649
192,48,1544,-0.0018600297626107931,0.03116600029170513,-2.630455732345581,-2.630455732345581,-0.04236050695180893
193,48,1552,-0.0023256787098944187,0.044466789811849594,-1.2859632968902588,-1.2859632968902588,-0.04319110885262489
194,48,1560,-0.004090278409421444,0.020218586549162865,-2.2502989768981934,-2.2502989768981934,-0.05025557428598404
195,48,1568,-0.0015261145308613777,0.026607442647218704,-2.009751319885254,-2.009751319885254,-0.033889058977365494
196,49,1576,-0.002888286020606756,0.024285007268190384,-2.788332462310791,-2.788332462310791,-0.04372996836900711
197,49,1584,-0.0017094158101826906,0.023413147777318954,-2.2561187744140625,-2.2561187744140625,-0.043322838842868805
198,49,1592,-0.0015182136557996273,0.015629403293132782,-2.4483957290649414,-2.4483957290649414,-0.03728414699435234
199,49,1600,-0.003309798426926136,0.01705356501042843,-2.153275489807129,-2.153275489807129,-0.03891628608107567
200,50,1608,-0.001373184728436172,0.032317716628313065,-2.7657904624938965,-2.7657904624938965,-0.04561564698815346
201,50,1616,-0.0021111697424203157,0.046615809202194214,-2.539102792739868,-2.539102554321289,-0.0459320992231369
202,50,1624,-0.009143858216702938,0.023630769923329353,-1.2896989583969116,-1.289698839187622,-0.043077535927295685
203,50,1632,-0.0036409806925803423,0.024229366332292557,-1.7126364707946777,-1.7126364707946777,-0.03281089663505554
204,51,1640,-0.003930460195988417,0.024964265525341034,-2.4390742778778076,-2.4390745162963867,-0.031966906040906906
205,51,1648,-0.0025806576013565063,0.028215965256094933,-2.0062077045440674,-2.0062077045440674,-0.042826466262340546
206,51,1656,-0.0034924503415822983,0.025168946012854576,-2.0277652740478516,-2.0277652740478516,-0.044698119163513184
207,51,1664,-0.002939468715339899,0.01563228666782379,-1.5915837287902832,-1.5915836095809937,-0.02913403883576393
208,52,1672,-0.010714049451053143,0.009762748144567013,-2.381422758102417,-2.381422758102417,-0.03550569340586662
209,52,1680,-0.0027963127940893173,0.018607279285788536,-2.4450836181640625,-2.4450836181640625,-0.046831827610731125
210,52,1688,-0.0044906605035066605,0.02366822399199009,-2.2189979553222656,-2.2189979553222656,-0.042939748615026474
211,52,1696,-0.0050436086021363735,0.016483500599861145,-1.7196018695831299,-1.7196018695831299,-0.041662201285362244
212,53,1704,-0.00545708229765296,0.013035120442509651,-1.810190200805664,-1.8101900815963745,-0.03680102527141571
213,53,1712,-0.0020687796641141176,0.03304928541183472,-2.2241482734680176,-2.2241482734680176,-0.04064977169036865
214,53,1720,-0.00749302888289094,0.03372245281934738,-1.8915550708770752,-1.8915553092956543,-0.05174858868122101
215,53,1728,-0.008974283002316952,0.04048072546720505,-2.20463228225708,-2.20463228225708,-0.04615791141986847
216,54,1736,-0.0026612337678670883,0.02763056755065918,-2.0980169773101807,-2.0980169773101807,-0.03707456216216087
217,54,1744,-0.005720498971641064,0.015147724188864231,-2.0951385498046875,-2.0951385498046875,-0.04740261659026146
218,54,1752,-0.0036069846246391535,0.04533418267965317,-1.8186204433441162,-1.8186203241348267,-0.060645028948783875
219,54,1760,-0.002791306236758828,0.01862400397658348,-2.5011069774627686,-2.5011067390441895,-0.04063911736011505
220,55,1768,-0.0028966651298105717,0.07491940259933472,-2.0890209674835205,-2.0890209674835205,-0.03997037187218666
221,55,1776,-0.0031598671339452267,0.03538185730576515,-2.004063606262207,-2.004063844680786,-0.04699331894516945
222,55,1784,-0.0028851008974015713,0.0178461242467165,-2.067807197570801,-2.067807197570801,-0.032466139644384384
223,55,1792,-0.007202747277915478,0.028263447806239128,-1.7680559158325195,-1.768056035041809,-0.039853110909461975
224,56,1800,-0.0020502295810729265,0.013741551898419857,-1.655064582824707,-1.6550644636154175,-0.03694074600934982
225,56,1808,-0.0024534862022846937,0.04794386029243469,-2.379913806915283,-2.379913806915283,-0.046980444341897964
226,56,1816,-0.0017878523794934154,0.030225757509469986,-2.966094493865967,-2.966094493865967,-0.04067184031009674
227,56,1824,-0.002355420496314764,0.023780379444360733,-1.7817491292953491,-1.7817491292953491,-0.04744614660739899
228,57,1832,-0.0017125337617471814,0.03464462235569954,-2.68076753616333,-2.680767297744751,-0.04870261624455452
229,57,1840,-0.005216850433498621,0.027068834751844406,-2.31498384475708,-2.31498384475708,-0.045147381722927094
230,57,1848,-0.007344668265432119,0.02103535272181034,-2.3524951934814453,-2.352494955062866,-0.03685567155480385
231,57,1856,-0.00956344697624445,0.01998993754386902,-1.9094738960266113,-1.9094741344451904,-0.049014151096343994
232,58,1864,-0.0029749858658760786,0.01506604254245758,-2.6393139362335205,-2.6393139362335205,-0.03910849615931511
233,58,1872,-0.005920278839766979,0.03193186968564987,-1.6075689792633057,-1.6075689792633057,-0.05359470844268799
234,58,1880,-0.0025589847937226295,0.011898236349225044,-1.6622872352600098,-1.6622872352600098,-0.03599992394447327
235,58,1888,-0.0030013350769877434,0.025945905596017838,-2.1100993156433105,-2.1100990772247314,-0.044478341937065125
236,59,1896,-0.005945553071796894,0.013876761309802532,-2.1186015605926514,-2.1186017990112305,-0.03720111399888992
237,59,1904,-0.006212111562490463,0.02342640422284603,-2.143045425415039,-2.143045425415039,-0.043790604919195175
238,59,1912,-0.0031564095988869667,0.0733359307050705,-2.4762909412384033,-2.4762909412384033,-0.040249645709991455
239,59,1920,-0.0016645395662635565,0.03235538676381111,-1.622603178024292,-1.622603178024292,-0.03989478945732117
240,60,1928,-0.010902661830186844,0.01711537316441536,-1.7251367568969727,-1.7251368761062622,-0.059070173650979996
241,60,1936,-0.008257405832409859,0.06415507197380066,-2.821531295776367,-2.821531295776367,-0.0460820198059082
242,60,1944,-0.008251302875578403,0.04709145054221153,-2.855624198913574,-2.855624198913574,-0.04476571083068848
243,60,1952,-0.007819125428795815,0.02120371162891388,-1.8024933338165283,-1.8024932146072388,-0.04913827031850815
244,61,1960,-0.0062485020607709885,0.02138691209256649,-2.2527475357055664,-2.2527475357055664,-0.041210420429706573
245,61,1968,-0.004777352791279554,0.026001663878560066,-2.368870735168457,-2.368870735168457,-0.05826355144381523
246,61,1976,-0.00645646546036005,0.014423130080103874,-2.2922909259796143,-2.2922909259796143,-0.04765406623482704
247,61,1984,-0.004825927782803774,0.019610445946455002,-2.4619736671447754,-2.4619736671447754,-0.03676946833729744
248,62,1992,-0.0026014745235443115,0.0317864865064621,-2.053990364074707,-2.053990602493286,-0.03749653697013855
249,62,2000,-0.0047525023110210896,0.01742403209209442,-1.5398588180541992,-1.5398588180541992,-0.0453413762152195
250,62,2008,-0.014240577816963196,0.10821913182735443,-2.747215986251831,-2.747215986251831,-0.05172232538461685
251,62,2016,-0.002370554953813553,0.015445530414581299,-2.1957271099090576,-2.1957271099090576,-0.035866979509592056
252,63,2024,-0.0021979380398988724,0.015557864680886269,-1.7021913528442383,-1.7021913528442383,-0.04085056483745575
253,63,2032,-0.0010050623677670956,0.0209759920835495,-1.815920114517212,-1.815920114517212,-0.04061368107795715
254,63,2040,-0.002293601632118225,0.021392494440078735,-1.60383141040802,-1.6038312911987305,-0.03337473049759865
255,63,2048,-0.003450607182458043,0.025289390236139297,-2.1402995586395264,-2.1402993202209473,-0.04350057989358902
256,64,2056,-0.003955477382987738,0.020219137892127037,-2.3934743404388428,-2.393474578857422,-0.043811146169900894
257,64,2064,-0.0014129886403679848,0.03507214039564133,-2.477733612060547,-2.477733612060547,-0.05000149831175804
258,64,2072,-0.0013387729413807392,0.019416160881519318,-2.0113019943237305,-2.0113019943237305,-0.03651703894138336
259,64,2080,-0.002278416184708476,0.030930817127227783,-1.9727766513824463,-1.9727766513824463,-0.04709393531084061
260,65,2088,-0.00023365177912637591,0.029879065230488777,-2.7731993198394775,-2.7731995582580566,-0.05039450526237488
261,65,2096,-0.00370030733756721,0.03732771426439285,-1.9549498558044434,-1.9549498558044434,-0.04335630312561989
262,65,2104,-0.004553741309791803,0.02350815385580063,-2.3548152446746826,-2.3548152446746826,-0.0477132573723793
263,65,2112,-0.0036264844238758087,0.028080344200134277,-2.549919843673706,-2.549919843673706,-0.03743067383766174
264,66,2120,-0.010991571471095085,0.03791702166199684,-2.159935474395752,-2.159935474395752,-0.041097480803728104
265,66,2128,-0.00740539887920022,0.018848557025194168,-1.2645010948181152,-1.2645009756088257,-0.041030507534742355
266,66,2136,-0.010630866512656212,0.029538698494434357,-1.5291163921356201,-1.5291165113449097,-0.048004694283008575
267,66,2144,-0.005681794136762619,0.017477206885814667,-2.0242855548858643,-2.0242855548858643,-0.032404594123363495
268,67,2152,-0.005981796886771917,0.02853379212319851,-2.975008487701416,-2.975008487701416,-0.04441514238715172
269,67,2160,-0.00545006338506937,0.03226546198129654,-2.3764758110046387,-2.3764758110046387,-0.039260655641555786
270,67,2168,-0.005901767872273922,0.025325119495391846,-2.668626546859741,-2.668626308441162,-0.045142050832509995
271,67,2176,-0.008489010855555534,0.039056047797203064,-3.2775988578796387,-3.2775990962982178,-0.05759582668542862
272,68,2184,-0.004204005002975464,0.030357137322425842,-1.5935932397842407,-1.5935932397842407,-0.041470035910606384
273,68,2192,-0.005816861987113953,0.026003215461969376,-1.462121844291687,-1.4621217250823975,-0.04166722297668457
274,68,2200,-0.007247522473335266,0.022833725437521935,-1.7813892364501953,-1.7813892364501953,-0.042702991515398026
275,68,2208,-0.009037893265485764,0.03386584669351578,-2.041046380996704,-2.041046380996704,-0.04465474188327789
276,69,2216,-0.008878199383616447,0.035017527639865875,-2.453770160675049,-2.453770160675049,-0.05542166531085968
277,69,2224,-0.005121293012052774,0.02793480083346367,-1.458277940750122,-1.458277940750122,-0.03530619665980339
278,69,2232,-0.009088859893381596,0.023780087009072304,-2.6110713481903076,-2.6110715866088867,-0.04181619733572006
279,69,2240,-0.009306264109909534,0.018308402970433235,-2.3047261238098145,-2.3047263622283936,-0.038497064262628555
280,70,2248,-0.004679780453443527,0.022092338651418686,-2.0770576000213623,-2.0770576000213623,-0.052315615117549896
281,70,2256,-0.004731560125946999,0.033084407448768616,-2.267003059387207,-2.267003297805786,-0.049077700823545456
282,70,2264,-0.004717380274087191,0.034872256219387054,-1.9887064695358276,-1.988706350326538,-0.04348406195640564
283,70,2272,-0.006472382694482803,0.017864031717181206,-1.9333598613739014,-1.9333597421646118,-0.040352530777454376
284,71,2280,-0.009385252371430397,0.04763916879892349,-2.347973346710205,-2.347973346710205,-0.042408231645822525
285,71,2288,-0.009067084640264511,0.014623356983065605,-2.593942642211914,-2.593942642211914,-0.034442394971847534
286,71,2296,-0.00977247767150402,0.020732447504997253,-2.4490089416503906,-2.4490089416503906,-0.041580718010663986
287,71,2304,-0.005783300381153822,0.03049512952566147,-1.5061743259429932,-1.5061743259429932,-0.029178917407989502
288,72,2312,-0.0024649566039443016,0.01865374855697155,-2.1271588802337646,-2.1271588802337646,-0.04272092506289482
289,72,2320,-0.004703939892351627,0.01620851270854473,-2.8737707138061523,-2.8737707138061523,-0.04050777107477188
290,72,2328,-0.0018046994227916002,0.015446373261511326,-1.3438600301742554,-1.3438600301742554,-0.04088817164301872
291,72,2336,-0.002735804533585906,0.018253881484270096,-2.0498290061950684,-2.0498290061950684,-0.041371218860149384
292,73,2344,-0.002607841044664383,0.015841683372855186,-3.0077450275421143,-3.007744789123535,-0.040822818875312805
293,73,2352,-0.0024470845237374306,0.0157481636852026,-3.119039535522461,-3.119039535522461,-0.04709429666399956
294,73,2360,-0.0034686324652284384,0.017186837270855904,-2.017106771469116,-2.017106771469116,-0.0441884770989418
295,73,2368,-0.0017227372154593468,0.019180554896593094,-2.6993041038513184,-2.6993041038513184,-0.037715062499046326
296,74,2376,-0.0012398206163197756,0.010673393495380878,-1.5600743293762207,-1.5600743293762207,-0.041352804750204086
297,74,2384,-0.0016669986071065068,0.015513485297560692,-2.4880456924438477,-2.4880456924438477,-0.03814075514674187
298,74,2392,-0.002963521284982562,0.02082367241382599,-1.4284732341766357,-1.4284732341766357,-0.0438571497797966
299,74,2400,-0.006065231282263994,0.024033892899751663,-2.245710849761963,-2.245710849761963,-0.06466513127088547
300,75,2408,-0.0019336685072630644,0.009413203224539757,-1.7279621362686157,-1.7279621362686157,-0.044857822358608246
301,75,2416,-0.005846918560564518,0.020241016522049904,-2.6377017498016357,-2.637701988220215,-0.05348435416817665
302,75,2424,-0.004402272403240204,0.012672059237957,-1.2329570055007935,-1.2329570055007935,-0.037504393607378006
303,75,2432,-0.0021819379180669785,0.014863647520542145,-1.9405879974365234,-1.940588116645813,-0.03684087470173836
304,76,2440,-0.0026475347112864256,0.017611965537071228,-2.747951030731201,-2.747951030731201,-0.03476112335920334
305,76,2448,-0.006605118978768587,0.0199380312114954,-2.138033151626587,-2.138033151626587,-0.04088514670729637
306,76,2456,-0.002299540676176548,0.027407806366682053,-1.7759090662002563,-1.7759089469909668,-0.03653862327337265
307,76,2464,-0.007361890748143196,0.03076721727848053,-2.3200888633728027,-2.3200888633728027,-0.03975234925746918
308,77,2472,-0.00973748229444027,0.04910404980182648,-2.5416736602783203,-2.5416736602783203,-0.05301666259765625
309,77,2480,-0.008806655183434486,0.015959693118929863,-1.5789098739624023,-1.5789098739624023,-0.040366340428590775
310,77,2488,-0.00536853214725852,0.014075130224227905,-1.3355051279067993,-1.3355052471160889,-0.039140086621046066
311,77,2496,-0.006502469070255756,0.01935773715376854,-2.1825308799743652,-2.1825308799743652,-0.04214399307966232
312,78,2504,-0.0016129621071740985,0.011074844747781754,-2.3962903022766113,-2.3962903022766113,-0.03623330593109131
313,78,2512,-0.0033595170825719833,0.013076912611722946,-2.0498387813568115,-2.0498387813568115,-0.0363788940012455
314,78,2520,-0.006154092028737068,0.04242130368947983,-2.3923723697662354,-2.3923721313476562,-0.04862631484866142
315,78,2528,-0.0012770644389092922,0.016680516302585602,-2.5005483627319336,-2.5005483627319336,-0.04139070585370064
316,79,2536,-0.007662295829504728,0.032087795436382294,-2.242201805114746,-2.242201566696167,-0.05596816912293434
317,79,2544,-0.0009923194302245975,0.014035274274647236,-2.262040138244629,-2.262040138244629,-0.039275143295526505
318,79,2552,-0.0020330294501036406,0.004737945273518562,-2.299854278564453,-2.299854278564453,-0.03844807669520378
319,79,2560,-0.0089943902567029,0.010495631024241447,-2.14530611038208,-2.145306348800659,-0.04011554643511772
320,80,2568,-0.003089312929660082,0.010723203420639038,-1.8018567562103271,-1.8018567562103271,-0.0389685332775116
321,80,2576,-0.002509849378839135,0.010396435856819153,-2.093125104904175,-2.093125104904175,-0.06133235991001129
322,80,2584,-0.0021439790725708008,0.012952715158462524,-1.960367202758789,-1.960367202758789,-0.03698403015732765
323,80,2592,-0.0008161587174981833,0.005995587911456823,-1.952347755432129,-1.952347755432129,-0.0353669710457325
324,81,2600,-0.0027610668912529945,0.01271307934075594,-1.5776095390319824,-1.5776095390319824,-0.04034535214304924
325,81,2608,-0.003264694008976221,0.015086611732840538,-2.2461211681365967,-2.2461211681365967,-0.04213307052850723
326,81,2616,-0.002530561527237296,0.03048090450465679,-1.5057581663131714,-1.5057581663131714,-0.04149947315454483
327,81,2624,-0.005572126246988773,0.02319888211786747,-1.5144275426864624,-1.514427661895752,-0.042265791445970535
328,82,2632,-0.0026589008048176765,0.0181749165058136,-1.1820565462112427,-1.1820565462112427,-0.04420209676027298
329,82,2640,-0.005908710416406393,0.01793241873383522,-2.663593292236328,-2.663593292236328,-0.04224799573421478
330,82,2648,-0.004500291310250759,0.020073575899004936,-2.5903573036193848,-2.5903573036193848,-0.04726756364107132
331,82,2656,-0.010389059782028198,0.018155455589294434,-2.092102289199829,-2.092102289199829,-0.04899906367063522
332,83,2664,-0.007445767056196928,0.010769876651465893,-2.4963347911834717,-2.4963347911834717,-0.03958066552877426
333,83,2672,-0.0012574461288750172,0.01020170096307993,-1.5205415487289429,-1.5205415487289429,-0.045175690203905106
334,83,2680,-0.0030377120710909367,0.008140032179653645,-1.6400277614593506,-1.640027642250061,-0.046607788652181625
335,83,2688,-0.002703145844861865,0.009144668467342854,-2.040412187576294,-2.040412187576294,-0.04837570711970329
336,84,2696,-0.0077248504385352135,0.027119483798742294,-1.691331148147583,-1.6913312673568726,-0.03712262958288193
337,84,2704,-0.003117071930319071,0.01685788854956627,-1.8608825206756592,-1.8608826398849487,-0.04911371320486069
338,84,2712,-0.004782133735716343,0.005149845965206623,-1.9601867198944092,-1.9601866006851196,-0.04200918972492218
339,84,2720,-0.015593614429235458,0.14698366820812225,-1.576987624168396,-1.5769877433776855,-0.0610135979950428
340,85,2728,-0.0023962443228811026,0.019596397876739502,-1.6936883926391602,-1.6936883926391602,-0.038839343935251236
341,85,2736,-0.0026787070091813803,0.023596957325935364,-1.974606990814209,-1.974606990814209,-0.03824671357870102
342,85,2744,-0.004039891995489597,0.027165362611413002,-2.6978960037231445,-2.6978957653045654,-0.04845799505710602
343,85,2752,-0.0036056272219866514,0.01697801612317562,-2.1638236045837402,-2.1638236045837402,-0.036154210567474365
344,86,2760,-0.0021519362926483154,0.011392243206501007,-2.021754503250122,-2.021754741668701,-0.04973924532532692
345,86,2768,-0.0027342219837009907,0.01512111909687519,-1.5669177770614624,-1.566917896270752,-0.04774068668484688
346,86,2776,-0.0026016072370111942,0.02337776869535446,-2.651195526123047,-2.651195526123047,-0.04404813051223755
347,86,2784,-0.003419111017137766,0.02271599881350994,-1.622159481048584,-1.6221593618392944,-0.040112514048814774
348,87,2792,-0.0012011630460619926,0.01986328884959221,-2.1822683811187744,-2.1822683811187744,-0.04233168065547943
349,87,2800,-0.004748828709125519,0.014587483368813992,-2.5957539081573486,-2.5957539081573486,-0.05069512873888016
350,87,2808,-0.002612135838717222,0.02464132197201252,-1.8930070400238037,-1.8930070400238037,-0.04639790579676628
351,87,2816,-0.004711340181529522,0.01982641965150833,-3.0335333347320557,-3.0335335731506348,-0.03610924631357193
352,88,2824,-0.004802822135388851,0.015361043624579906,-2.249105453491211,-2.249105453491211,-0.03714830428361893
353,88,2832,-0.005641797557473183,0.031429048627614975,-1.4797122478485107,-1.4797122478485107,-0.03366986662149429
354,88,2840,-0.005596749484539032,0.03951689973473549,-2.105724811553955,-2.105724811553955,-0.04957481473684311
355,88,2848,-0.006164549849927425,0.01335640624165535,-1.5566128492355347,-1.5566129684448242,-0.038214098662137985
356,89,2856,-0.013527967967092991,0.09547671675682068,-2.6446943283081055,-2.6446940898895264,-0.04308445379137993
357,89,2864,-0.00529377069324255,0.01208026148378849,-2.198613405227661,-2.198613405227661,-0.03285418078303337
358,89,2872,-0.0036288336850702763,0.015948934480547905,-1.433005452156067,-1.433005452156067,-0.04147164523601532
359,89,2880,-0.006318637169897556,0.017257003113627434,-2.11653995513916,-2.116539716720581,-0.039808355271816254
360,90,2888,-0.004687709268182516,0.012408074922859669,-2.3441965579986572,-2.3441967964172363,-0.040580589324235916
361,90,2896,-0.0070046233013272285,0.014416475780308247,-2.213840961456299,-2.213841199874878,-0.03478308394551277
362,90,2904,-0.004722970072180033,0.016989216208457947,-2.4314022064208984,-2.4314024448394775,-0.042996592819690704
363,90,2912,-0.0025309575721621513,0.030244316905736923,-2.251164197921753,-2.251164197921753,-0.041961830109357834
364,91,2920,-0.0013687473256140947,0.012324280105531216,-1.8416674137115479,-1.8416675329208374,-0.04436516761779785
365,91,2928,-0.0028787958435714245,0.024481255561113358,-2.6942076683044434,-2.6942074298858643,-0.04124917834997177
366,91,2936,-0.006396803073585033,0.050902530550956726,-1.9607685804367065,-1.960768461227417,-0.038142941892147064
367,91,2944,-0.004357310943305492,0.02372133359313011,-1.7067980766296387,-1.7067980766296387,-0.04587225988507271
368,92,2952,-0.011292904615402222,0.019967809319496155,-2.0318946838378906,-2.0318946838378906,-0.05389093980193138
369,92,2960,-0.004901133943349123,0.02427283674478531,-1.8477188348770142,-1.8477187156677246,-0.037820734083652496
370,92,2968,-0.005179561674594879,0.03185915946960449,-2.2101564407348633,-2.2101564407348633,-0.036006733775138855
371,92,2976,-0.005595738068223,0.030032142996788025,-2.6433234214782715,-2.6433236598968506,-0.04109858348965645
372,93,2984,-0.00548856845125556,0.022592242807149887,-2.1337385177612305,-2.1337385177612305,-0.04182209074497223
373,93,2992,-0.011405542492866516,0.02794698067009449,-2.324880361557007,-2.3248801231384277,-0.044901445508003235
374,93,3000,-0.007107839919626713,0.03896450996398926,-1.0767478942871094,-1.0767478942871094,-0.038340602070093155
375,93,3008,-0.007496294565498829,0.0366179421544075,-1.9755370616912842,-1.975536823272705,-0.04264800250530243
376,94,3016,-0.005764694884419441,0.014264723286032677,-1.5996792316436768,-1.5996792316436768,-0.04074273258447647
377,94,3024,-0.010899238288402557,0.032018426805734634,-2.321251392364502,-2.321251392364502,-0.05005824938416481
378,94,3032,-0.010609100572764874,0.02832101471722126,-2.1300320625305176,-2.1300323009490967,-0.037493664771318436
379,94,3040,-0.010047385469079018,0.032662469893693924,-2.2574992179870605,-2.2574989795684814,-0.06549818813800812
380,95,3048,-0.008802605792880058,0.033981263637542725,-2.3624513149261475,-2.3624513149261475,-0.04277702793478966
381,95,3056,-0.008010086603462696,0.013370860368013382,-1.0173311233520508,-1.0173311233520508,-0.039935942739248276
382,95,3064,-0.006747144740074873,0.04185144603252411,-3.0703158378601074,-3.0703155994415283,-0.041661374270915985
383,95,3072,-0.0070009995251894,0.029282310977578163,-1.4406704902648926,-1.440670371055603,-0.05039621517062187
384,96,3080,-0.005027589853852987,0.01802154630422592,-1.7357548475265503,-1.7357549667358398,-0.04646502062678337
385,96,3088,-0.005731856916099787,0.020008046180009842,-2.0076427459716797,-2.0076427459716797,-0.04102172330021858
386,96,3096,-0.007079858332872391,0.032875265926122665,-2.19385027885437,-2.19385027885437,-0.0478091724216938
387,96,3104,-0.0051951296627521515,0.03703411668539047,-1.8761086463928223,-1.8761084079742432,-0.03866852819919586
388,97,3112,-0.013444147072732449,0.04147018492221832,-1.8621045351028442,-1.8621045351028442,-0.05135045200586319
389,97,3120,-0.009229769930243492,0.04022962599992752,-2.956132650375366,-2.956132411956787,-0.04969579726457596
390,97,3128,-0.014194176532328129,0.02640698477625847,-2.0196077823638916,-2.0196077823638916,-0.045533571392297745
391,97,3136,-0.010501733981072903,0.021993910893797874,-2.368039131164551,-2.36803936958313,-0.03857012465596199
392,98,3144,-0.010900619439780712,0.023505669087171555,-1.8457385301589966,-1.8457385301589966,-0.04341711103916168
393,98,3152,-0.018629537895321846,0.03491133078932762,-2.5518789291381836,-2.5518791675567627,-0.054213281720876694
394,98,3160,-0.019521145150065422,0.03816439211368561,-1.9987599849700928,-1.9987599849700928,-0.04089590162038803
395,98,3168,-0.009198356419801712,0.030009111389517784,-2.0192813873291016,-2.0192811489105225,-0.037054356187582016
396,99,3176,-0.0038733656983822584,0.0243142731487751,-1.9061461687088013,-1.9061461687088013,-0.03633515536785126
397,99,3184,-0.013371285051107407,0.022061534225940704,-2.0279736518859863,-2.0279736518859863,-0.03717714175581932
398,99,3192,-0.00810716487467289,0.013773317448794842,-1.3273437023162842,-1.3273437023162842,-0.04038450866937637
399,99,3200,-0.012980174273252487,0.02431262657046318,-2.5543956756591797,-2.5543956756591797,-0.04890194535255432
