,Episode,Timestep,Policy_Loss,Critic_Loss,RM_Score,Ref_KL,Generate_Length
0,1,8,-0.012357775505643076,0.24021390974521636,-5.392612934112549,0.0,62.5
1,1,16,-0.006992322468431666,0.1873160183429718,-4.137564659118652,7.345161429839209e-05,47.125
2,1,24,-0.004477220846456476,0.22543025612831116,-5.156428337097168,-6.147987733129412e-05,62.75
3,1,32,-0.0029805131380271632,0.18007813394069672,-5.569126129150391,-0.00011486034782137722,97.625
4,1,40,-0.005152198299765587,0.27122601866722107,-5.296816349029541,0.000161439849762246,56.0
5,1,48,-0.004344531157403253,0.20477544367313386,-4.665920734405518,-0.0001709301577648148,61.25
6,1,56,-0.00543318560521584,0.2616705417633057,-4.971441745758057,0.00018195716256741434,52.75
7,1,64,-0.00309193265857175,0.2144760459661484,-5.968348979949951,-0.00032745584030635655,87.0
8,1,72,-0.002614232726045884,0.17739138901233673,-4.833985805511475,-0.0002212765539297834,81.875
9,1,80,-0.004090270481538027,0.22196256518363952,-5.283967018127441,-0.0003403177543077618,77.75
10,1,88,-0.003745685960166156,0.1748052179813385,-5.037403106689453,-0.001005567261017859,78.375
11,1,96,-0.004170433629769832,0.21934442818164826,-5.399747848510742,-0.0006539207533933222,75.5
12,1,104,-0.004532417058362626,0.19371925592422484,-5.4896039962768555,-0.001225713756866753,86.0
13,1,112,-0.004064287758956198,0.1864715963602066,-5.53737735748291,-0.0023294391576200724,82.5
14,1,120,-0.0033177585166413335,0.22533379793167113,-5.5035200119018555,-0.0010937756160274148,73.0
15,1,128,-0.005266881734132767,0.20912932753562927,-5.879438877105713,-0.0003404766321182251,80.75
16,1,136,-0.0038041337276808916,0.18874610662460328,-6.261979103088379,-0.0028261488769203424,105.375
17,1,144,-0.003320784762036055,0.16587038934230805,-6.002220630645752,-0.00199954304844141,110.25
18,1,152,-0.007691031647846102,0.21090542078018187,-5.286932468414307,-0.0019686336163431406,57.625
19,2,160,-0.00373622142651584,0.1263185679912567,-4.464938163757324,-0.0031007828656584024,103.5
20,2,168,-0.0049682386161293834,0.14028749763965606,-3.7496109008789062,-0.004917537793517113,74.0
21,2,176,-0.004752575815655291,0.14182157814502716,-5.491491794586182,-0.00038415382732637227,100.0
22,2,184,-0.006857660168316215,0.1641515851020813,-5.227743148803711,-0.006960183847695589,74.5
23,2,192,-0.004585901752579957,0.19251400530338286,-6.02116584777832,-0.004607570357620716,77.5
24,2,200,-0.0062963407079223545,0.1110646441578865,-5.113667964935303,-0.005756462924182415,116.5
25,2,208,-0.010780128429178148,0.17677735686302185,-4.9386820793151855,-0.004550425801426172,53.0
26,2,216,-0.005042916677484755,0.1288341611623764,-6.048731803894043,-0.007709008175879717,98.375
27,2,224,-0.005073100584559143,0.11654774695634842,-5.235130786895752,-0.008757676929235458,116.5
28,2,232,-0.009445117789437064,0.16655856966972352,-5.433933734893799,-0.007642949000000954,61.0
29,2,240,-0.006013198057189584,0.12506639808416367,-5.84934139251709,-0.008013407699763775,93.5
30,2,248,-0.014129753672750666,0.13534469604492189,-4.979437828063965,-0.012792211025953293,55.5
31,2,256,-0.008396808832185344,0.15423777997493743,-6.010196685791016,-0.012673906981945038,83.0
32,2,264,-0.007742398680420592,0.14628177285194396,-5.941854000091553,-0.015377456322312355,75.5
33,2,272,-0.012928038742393256,0.12106874883174897,-5.442722320556641,-0.020985232666134834,68.875
34,2,280,-0.008765299279912143,0.14670598208904267,-5.853184223175049,-0.02359490841627121,67.5
35,2,288,-0.009763067570747807,0.10557140558958053,-5.792914390563965,-0.020706413313746452,82.5
36,2,296,-0.008267633040668442,0.14061665236949922,-6.300010681152344,-0.0191475972533226,82.0
37,2,304,-0.00987843085313216,0.1357144832611084,-5.663845539093018,-0.01969260908663273,75.5
38,2,312,-0.006379506055964157,0.10669502764940261,-5.029786109924316,-0.013511200435459614,92.375
39,3,320,-0.008545783907175064,0.1044004201889038,-5.456498146057129,-0.023980258032679558,77.5
40,3,328,-0.00858202307135798,0.0943177118897438,-5.229866027832031,-0.021588178351521492,71.0
41,3,336,-0.008710527000948787,0.09838318377733231,-4.956105709075928,-0.015915563330054283,91.0
42,3,344,-0.008732407313073055,0.07479560524225234,-4.889616012573242,-0.01884477026760578,86.5
43,3,352,-0.007619941383018159,0.11180571168661117,-5.933567047119141,-0.022473618388175964,99.5
44,3,360,-0.0058933816151693465,0.08962850719690323,-5.629281997680664,-0.01909271813929081,102.875
45,3,368,-0.011007562241138658,0.08950120359659194,-5.872889518737793,-0.025423243641853333,78.0
46,3,376,-0.006456786871422082,0.09429794251918792,-6.043118000030518,-0.019475750625133514,88.0
47,3,384,-0.010857594176195562,0.08748343884944916,-4.970460414886475,-0.019805047661066055,62.0
48,3,392,-0.0074092940194532275,0.0912307396531105,-6.283541202545166,-0.026279795914888382,108.5
49,3,400,-0.009351162833627313,0.0784954771399498,-5.551580905914307,-0.01765020750463009,79.5
50,3,408,-0.007266949780751019,0.08892843425273896,-6.139697551727295,-0.025556812062859535,109.5
51,3,416,-0.010393787245266139,0.07765907198190689,-6.297170162200928,-0.02619974873960018,79.5
52,3,424,-0.007267309783492238,0.07901189029216767,-5.54597282409668,-0.020420758053660393,89.5
53,3,432,-0.006876194954384118,0.08246688395738602,-6.1658549308776855,-0.017276674509048462,104.0
54,3,440,-0.013682876771781594,0.09799190014600753,-5.669794082641602,-0.02011690102517605,64.25
55,3,448,-0.010399117204360663,0.10501956194639206,-4.113579750061035,-0.013836774975061417,85.0
56,3,456,-0.01341915710363537,0.09314855337142944,-5.485934257507324,-0.021037381142377853,56.0
57,3,464,-0.009420967265032231,0.07677488476037979,-5.323533535003662,-0.024873174726963043,81.5
58,4,472,-0.01796890280675143,0.07518107295036316,-5.606092929840088,-0.00998815055936575,44.0
59,4,480,-0.010533032997045666,0.11039340198040008,-5.010839939117432,-0.0223570354282856,86.875
60,4,488,-0.008031988469883799,0.09809789210557937,-5.188838005065918,-0.027123253792524338,88.0
61,4,496,-0.008865606127073988,0.10547520518302918,-5.184435844421387,-0.014233377762138844,59.5
62,4,504,-0.008338847773848102,0.06627717614173889,-5.738675117492676,-0.015665780752897263,75.5
63,4,512,-0.008766411175020038,0.08891475051641465,-4.847911834716797,-0.026577498763799667,80.0
64,4,520,-0.008434382715495303,0.08334528505802155,-5.7336273193359375,-0.021878043189644814,75.25
65,4,528,-0.013650851004058495,0.10268905609846116,-5.1495819091796875,-0.028626779094338417,63.5
66,4,536,-0.007433331944048405,0.07785137146711349,-5.884610652923584,-0.01753276214003563,97.0
67,4,544,-0.012145796418190002,0.09054520577192307,-6.051182746887207,-0.026434259489178658,64.0
68,4,552,-0.007827643142081796,0.08644338250160218,-6.3827691078186035,-0.026761233806610107,85.5
69,4,560,-0.012283725489396602,0.1269409567117691,-5.054780960083008,-0.03111482411623001,51.875
70,4,568,-0.0064467698364751415,0.08460229188203812,-6.102354526519775,-0.025800276547670364,115.0
71,4,576,-0.005815494910348207,0.08630214482545853,-5.676578044891357,-0.018469400703907013,99.625
72,4,584,-0.009575629601022229,0.07675510048866271,-5.991867542266846,-0.01858043484389782,87.0
73,4,592,-0.006969618536822963,0.0848636969923973,-5.287628650665283,-0.020062614232301712,99.25
74,4,600,-0.00794297403190285,0.0767821803689003,-5.88737154006958,-0.017661146819591522,93.375
75,4,608,-0.004936860059387982,0.07263439148664474,-6.266191482543945,-0.01247146911919117,102.375
76,4,616,-0.009081932436674833,0.0875088930130005,-5.7745819091796875,-0.03206785395741463,79.0
77,4,624,-0.006063379114493728,0.07348761111497878,-5.310177326202393,-0.019651249051094055,109.5
78,5,632,-0.015673627029173076,0.09393811523914337,-5.11434268951416,-0.01866554096341133,38.125
79,5,640,-0.0047819580184295775,0.0750603973865509,-4.950045108795166,-0.007819315418601036,97.0
80,5,648,-0.006473051384091377,0.09509298950433731,-5.831273078918457,-0.019420096650719643,94.0
81,5,656,-0.005962080007884651,0.08086227178573609,-4.956470012664795,-0.025109633803367615,103.875
82,5,664,-0.007862563128583133,0.05894967019557953,-5.027249336242676,-0.02170020341873169,73.0
83,5,672,-0.021495187055552378,0.08652054965496063,-4.462701320648193,-0.021617596969008446,38.625
84,5,680,-0.015556583064608276,0.08998339772224426,-4.845128059387207,-0.02807380072772503,37.5
85,5,688,-0.010489523271098733,0.10647007822990417,-3.9933090209960938,-0.027562215924263,45.0
86,5,696,-0.004318001423962414,0.08017987459897995,-5.92439079284668,-0.018323667347431183,107.125
87,5,704,-0.007476301153656095,0.074212084710598,-5.224740982055664,-0.016872595995664597,74.375
88,5,712,-0.008181650005280972,0.08331532478332519,-5.360213279724121,-0.012859843671321869,56.0
89,5,720,-0.008176870964234695,0.1022065445780754,-3.9211885929107666,-0.019264208152890205,88.125
90,5,728,-0.0073429643496638166,0.0735435202717781,-5.866085529327393,-0.015949930995702744,87.75
91,5,736,-0.006909979914780706,0.07821746468544007,-5.656548976898193,-0.018957488238811493,82.125
92,5,744,-0.00888615190051496,0.08276975601911545,-6.027089595794678,-0.013361473567783833,75.125
93,5,752,-0.005449127464089543,0.09325010627508164,-5.592642784118652,-0.024787379428744316,84.25
94,5,760,-0.012287132209166884,0.1108143150806427,-4.803170680999756,-0.021119369193911552,51.375
95,5,768,-0.01894373941468075,0.07923204302787781,-5.395177364349365,-0.026586927473545074,53.625
96,5,776,-0.006159335927804932,0.08907704502344131,-5.992927551269531,-0.019337939098477364,100.5
97,6,784,-0.009250142145901918,0.09102853238582612,-5.505183219909668,-0.020646365359425545,62.25
98,6,792,-0.007885662140324712,0.08233908712863922,-5.8042120933532715,-0.01965254358947277,97.5
99,6,800,-0.013298562751151622,0.08016186952590942,-5.411279201507568,-0.02177985943853855,54.875
100,6,808,-0.014179053739644587,0.0778274580836296,-5.186259746551514,-0.0355881042778492,57.625
101,6,816,-0.005861024674959481,0.08203370124101639,-5.471619606018066,-0.02052379585802555,90.625
102,6,824,-0.009115470619872213,0.07819103002548218,-4.831667900085449,-0.013467170298099518,71.125
103,6,832,-0.006621531562996097,0.0696666643023491,-6.042487144470215,-0.01980675756931305,94.625
104,6,840,-0.006985139439348131,0.0823276773095131,-5.442854404449463,-0.01815304160118103,102.0
105,6,848,-0.008520588045939803,0.07131867706775666,-5.72616720199585,-0.013667040504515171,70.375
106,6,856,-0.012287271022796632,0.07702395766973495,-4.820737361907959,-0.014839498326182365,49.5
107,6,864,-0.0053554164594970645,0.08407860845327378,-5.509085178375244,-0.014853688888251781,86.75
108,6,872,-0.009906172612681985,0.15899929106235505,-3.6809794902801514,-0.016904965043067932,48.125
109,6,880,-0.00748977669281885,0.08509521037340165,-4.004305839538574,-0.023453017696738243,53.5
110,6,888,-0.007473907468374818,0.08978036791086197,-5.505514621734619,-0.014377495273947716,70.0
111,6,896,-0.007650549756363034,0.09282222092151642,-5.973972320556641,-0.017177097499370575,73.75
112,6,904,-0.007748558931052685,0.07684819102287292,-5.284056663513184,-0.013648010790348053,56.875
113,6,912,-0.008245835476554931,0.06544175297021866,-4.35885763168335,-0.013558462262153625,62.75
114,6,920,-0.006837478640954941,0.09122734367847443,-4.381613254547119,-0.01035716850310564,94.25
115,6,928,-0.006722229982551653,0.07555859088897705,-5.392740249633789,-0.006850691977888346,68.5
116,6,936,-0.010461588343605398,0.08672409355640412,-6.08534049987793,-0.009148635901510715,75.375
117,7,944,-0.009463953203521669,0.12398846596479415,-4.814896106719971,-0.01646716706454754,69.75
118,7,952,-0.005445728822087404,0.0774193674325943,-4.750021934509277,-0.01391264796257019,107.25
119,7,960,-0.006672024837462232,0.07087931931018829,-5.578854560852051,-0.01734011434018612,79.625
120,7,968,-0.004464489993551979,0.11028772443532944,-3.969573974609375,-0.01476157084107399,76.75
121,7,976,-0.010428741481155157,0.0707220733165741,-5.44095516204834,-0.02063450589776039,64.25
122,7,984,-0.007967318198643625,0.07477485686540604,-5.446504592895508,-0.015467789955437183,82.25
123,7,992,-0.010027729719877244,0.09557967036962509,-5.0997185707092285,-0.014277949929237366,44.5
124,7,1000,-0.007992517336970196,0.07492458671331406,-5.146478652954102,-0.013215171173214912,78.5
125,7,1008,-0.012360408273525535,0.057864836603403094,-4.828505039215088,-0.012537423521280289,44.75
126,7,1016,-0.014343775063753127,0.08132998794317245,-5.333670616149902,-0.014051943086087704,35.25
127,7,1024,-0.012827603961341083,0.08998909294605255,-4.889691352844238,-0.012395011261105537,41.0
128,7,1032,-0.011708965156867635,0.07761595398187637,-4.330910682678223,-0.00791847612708807,48.625
129,7,1040,-0.00802010742481798,0.07762497663497925,-5.555175304412842,-0.018436076119542122,85.5
130,7,1048,-0.016401205165311693,0.10136109441518784,-4.907820224761963,-0.018936986103653908,41.375
131,7,1056,-0.007104728627018631,0.0879739135503769,-4.523221492767334,-0.011755095794796944,59.75
132,7,1064,-0.0070348590379580855,0.08884741216897965,-5.714778423309326,-0.01691829040646553,54.875
133,7,1072,-0.018150798347778618,0.08301914036273957,-4.489628791809082,-0.017521880567073822,41.5
134,7,1080,-0.009270509297493845,0.06722056865692139,-5.465088844299316,-0.015366795472800732,52.875
135,7,1088,-0.006781668274197727,0.085552516579628,-5.292924880981445,-0.01773005537688732,71.75
136,8,1096,-0.005792082974221557,0.07596135437488556,-5.319302082061768,-0.015350531786680222,67.25
137,8,1104,-0.008489548205398023,0.08023517578840256,-5.0129899978637695,-0.019738756120204926,65.625
138,8,1112,-0.011340507846762193,0.07877346575260162,-5.243008136749268,-0.020662497729063034,65.5
139,8,1120,-0.007817194535164163,0.07326800376176834,-4.981199741363525,-0.01156705804169178,75.75
140,8,1128,-0.010290304012596608,0.07383987307548523,-4.812019348144531,-0.01612444780766964,51.75
141,8,1136,-0.016450732457451524,0.09549756795167923,-4.8394951820373535,-0.01999882236123085,39.875
142,8,1144,-0.007897696015425027,0.08177512288093566,-4.921799182891846,-0.020159494131803513,74.625
143,8,1152,-0.00885993659030646,0.08369890600442886,-5.345012664794922,-0.021234901621937752,65.5
144,8,1160,-0.013470592559315264,0.07878634482622146,-5.0491414070129395,-0.027891533449292183,30.875
145,8,1168,-0.013997756678145378,0.12158034145832061,-3.451430320739746,-0.026071110740303993,62.75
146,8,1176,-0.023848451825324447,0.09897431582212449,-4.1049394607543945,-0.04070020467042923,22.75
147,8,1184,-0.012419307068921626,0.06355677843093872,-3.960023880004883,-0.020909493789076805,43.125
148,8,1192,-0.008674491214333103,0.11572073847055435,-4.073489665985107,-0.018319835886359215,49.375
149,8,1200,-0.012064795009791851,0.05998174995183945,-4.540435791015625,-0.02352050505578518,44.375
150,8,1208,-0.009372424916364253,0.07273281514644622,-4.623021602630615,-0.012679344974458218,65.0
151,8,1216,-0.02040090870577842,0.09107901453971863,-4.437709808349609,-0.028902748599648476,27.25
152,8,1224,-0.010707815969362855,0.08719399869441986,-4.418990612030029,-0.012782430276274681,53.25
153,8,1232,-0.01569027747027576,0.13808309733867646,-5.018133163452148,-0.017495743930339813,29.375
154,8,1240,-0.021220984868705273,0.06329336017370224,-3.9790942668914795,-0.03324214741587639,32.25
155,8,1248,-0.007966588711133227,0.08055314868688583,-5.107071399688721,-0.0148856732994318,67.0
156,9,1256,-0.022699787776218727,0.054525576531887054,-4.057465553283691,-0.024249183014035225,26.375
157,9,1264,-0.01309909108094871,0.0832654818892479,-4.099392890930176,-0.02926187962293625,46.75
158,9,1272,-0.010173091106116772,0.07539373189210892,-4.689558506011963,-0.017896808683872223,50.75
159,9,1280,-0.01791893462650478,0.09007448405027389,-4.721240997314453,-0.02686353586614132,43.25
160,9,1288,-0.014765692013315856,0.12122152745723724,-4.082848072052002,-0.020542647689580917,33.0
161,9,1296,-0.009867846727138386,0.06735925376415253,-4.779671669006348,-0.010551748797297478,51.125
162,9,1304,-0.020655579063168263,0.08301532417535781,-4.372837066650391,-0.03768419101834297,20.5
163,9,1312,-0.010517339734360576,0.08022122979164123,-3.9224143028259277,-0.0192952211946249,35.5
164,9,1320,-0.012833716752356849,0.09632660895586014,-4.6009674072265625,-0.015559432096779346,45.5
165,9,1328,-0.022167735756374894,0.09207774996757508,-3.1541545391082764,-0.036601610481739044,27.25
166,9,1336,-0.01476289969868958,0.08762064129114151,-4.607666492462158,-0.02464236505329609,51.25
167,9,1344,-0.019843650399707258,0.08862509280443191,-4.143858909606934,-0.043408334255218506,24.75
168,9,1352,-0.020322404964827002,0.06492366790771484,-3.3234505653381348,-0.04194607213139534,28.75
169,9,1360,-0.018836319318506867,0.11014455854892731,-2.964730978012085,-0.0346212238073349,25.5
170,9,1368,-0.022765907272696496,0.12553909718990325,-3.562182903289795,-0.04251636564731598,29.25
171,9,1376,-0.02278403760865331,0.10977582782506942,-4.002373218536377,-0.06336916238069534,16.375
172,9,1384,-0.02703420496545732,0.06760800629854202,-4.129748344421387,-0.03752920404076576,20.125
173,9,1392,-0.019926910754293203,0.0656309261918068,-4.512770175933838,-0.030600713565945625,25.125
174,9,1400,-0.027890267909970134,0.1041630208492279,-4.35413932800293,-0.04706493392586708,19.375
175,10,1408,-0.03894958589226007,0.07101758271455764,-3.9905645847320557,-0.04845128953456879,14.75
176,10,1416,-0.06316985711455345,0.24978783428668977,-2.6784298419952393,-0.09953359514474869,6.0
177,10,1424,-0.015541143855080009,0.0809536874294281,-4.126391410827637,-0.014100235886871815,25.875
178,10,1432,-0.022838087379932405,0.149733105301857,-4.120238780975342,-0.04762701690196991,17.25
179,10,1440,-0.00831299319397658,0.0726655125617981,-4.678960800170898,-0.02214324101805687,83.25
180,10,1448,-0.018659434700384735,0.08618859946727753,-3.6416735649108887,-0.04394585266709328,35.375
181,10,1456,-0.024370749341323973,0.06811117976903916,-3.247708320617676,-0.04431832954287529,19.875
182,10,1464,-0.038937059976160524,0.058941769599914554,-3.7759957313537598,-0.07832369953393936,12.125
183,10,1472,-0.01645272853784263,0.08478603661060333,-3.496880054473877,-0.04607103392481804,26.5
184,10,1480,-0.029182747285813094,0.15846372842788697,-3.08320689201355,-0.0569872185587883,18.375
185,10,1488,-0.019273624126799404,0.11221871674060821,-3.7047388553619385,-0.03713776916265488,20.0
186,10,1496,-0.04240077522117645,0.12366955429315567,-2.6166133880615234,-0.11353518068790436,11.375
187,10,1504,-0.04617183511145413,0.10482724905014038,-3.457141160964966,-0.09408451616764069,13.125
188,10,1512,-0.020670656207948924,0.09938040226697922,-3.5744471549987793,-0.09211678802967072,13.625
189,10,1520,-0.04837475316599012,0.09249076396226882,-3.105402946472168,-0.1930149495601654,6.5
190,10,1528,-0.04792215065099299,0.13438345193862916,-4.652405738830566,-0.20879730582237244,5.0
191,10,1536,-0.048421884514391424,0.08185868263244629,-2.8889856338500977,-0.13993996381759644,6.5
192,10,1544,-0.044063725508749485,0.1526733249425888,-3.2025907039642334,-0.2152089774608612,4.375
193,10,1552,-0.057108917646110056,0.09262772351503372,-3.032930850982666,-0.23540902137756348,5.875
194,10,1560,-0.030704224482178688,0.21865522265434265,-2.109962224960327,-0.25119808316230774,5.125
195,11,1568,-0.03056454877369106,0.1169918030500412,-3.7096126079559326,-0.07389217615127563,11.875
196,11,1576,-0.052757305465638636,0.0809689223766327,-2.2201192378997803,-0.2577502727508545,5.0
197,11,1584,-0.015526624291669577,0.08373769521713256,-3.5634965896606445,-0.055347200483083725,19.75
198,11,1592,-0.05317211467772722,0.08717496246099472,-3.129091739654541,-0.2635727524757385,4.375
199,11,1600,-0.03737386087886989,0.21355232000350952,-1.6734728813171387,-0.12401290237903595,13.0
200,11,1608,-0.02916155713610351,0.18123087286949158,-2.7274913787841797,-0.1595730483531952,13.125
201,11,1616,-0.038378902012482285,0.07987813055515289,-2.8240127563476562,-0.229223370552063,6.25
202,11,1624,-0.04124973271973431,0.22727469801902772,-2.7581946849823,-0.14314766228199005,8.75
203,11,1632,-0.060292653273791075,0.18479170501232148,-2.5938851833343506,-0.2667379081249237,5.375
204,11,1640,-0.05049711018800736,0.07062256038188934,-3.4491264820098877,-0.14311985671520233,7.0
205,11,1648,-0.02250350939575583,0.06565619856119156,-2.7569758892059326,-0.17406785488128662,7.125
206,11,1656,-0.03379246862605214,0.09341225922107696,-3.6573150157928467,-0.09541936963796616,10.25
207,11,1664,-0.04317736625671387,0.07500840276479721,-3.044156074523926,-0.19137726724147797,7.125
208,11,1672,-0.04289803747087717,0.0763565257191658,-4.158532619476318,-0.14498156309127808,7.25
209,11,1680,-0.047026656568050385,0.09612070471048355,-2.860427141189575,-0.2361009567975998,4.75
210,11,1688,-0.04141155453398824,0.08199228346347809,-3.1674294471740723,-0.2192150056362152,5.75
211,11,1696,-0.05127207413315773,0.09373621344566345,-3.0910630226135254,-0.150325208902359,8.875
212,11,1704,-0.031969188852235673,0.12746160924434663,-3.268571376800537,-0.07611159980297089,16.375
213,11,1712,-0.028446192760020493,0.08934206813573838,-3.8971426486968994,-0.10915360599756241,13.5
214,12,1720,-0.02846982181072235,0.0991540178656578,-4.076799392700195,-0.12136130034923553,11.5
215,12,1728,-0.026646406576037406,0.08422648161649704,-3.492630958557129,-0.07401026040315628,16.625
216,12,1736,-0.026484621595591305,0.08702053278684616,-3.173827648162842,-0.06307913362979889,14.875
217,12,1744,-0.015412755310535431,0.09899467378854751,-3.351795196533203,-0.06789548695087433,21.625
218,12,1752,-0.02922951466171071,0.05922536551952362,-3.595526695251465,-0.1034446731209755,11.625
219,12,1760,-0.022035219054669142,0.16090374290943146,-2.5707223415374756,-0.09446727484464645,12.5
220,12,1768,-0.026724876556545495,0.0792350485920906,-2.496750593185425,-0.07188927382230759,18.0
221,12,1776,-0.010826837306376546,0.06653570681810379,-3.6751577854156494,-0.02723020315170288,35.5
222,12,1784,-0.04372940682806074,0.07808021008968354,-3.003951072692871,-0.17135491967201233,4.5
223,12,1792,-0.03382818594109267,0.10399241149425506,-2.7129478454589844,-0.11661392450332642,10.0
224,12,1800,-0.021735649090260267,0.08416238129138946,-3.986356258392334,-0.06836861371994019,21.625
225,12,1808,-0.045846781320869924,0.04971793591976166,-3.1966004371643066,-0.22049938142299652,5.125
226,12,1816,-0.022297548316419124,0.10959625542163849,-3.3665425777435303,-0.049260567873716354,19.75
227,12,1824,-0.05928758215159178,0.17136687636375428,-2.2848360538482666,-0.534663736820221,4.375
228,12,1832,-0.01940200086683035,0.06981679350137711,-2.867060661315918,-0.11386223137378693,16.875
229,12,1840,-0.030018511245725677,0.09159123003482819,-3.7592597007751465,-0.17205797135829926,8.625
230,12,1848,-0.028863703680690377,0.12579431682825087,-3.5877315998077393,-0.14546239376068115,15.625
231,12,1856,-0.0442310685524717,0.20039310157299042,-3.1126937866210938,-0.5027598738670349,3.5
232,12,1864,-0.04002882800996303,0.18030645549297333,-2.5843007564544678,-0.6419651508331299,2.625
233,12,1872,-0.01837423676624894,0.1289630115032196,-2.722005844116211,-0.07455049455165863,20.125
234,13,1880,-0.03928636023774743,0.0491906575858593,-2.7637064456939697,-0.3830244541168213,3.125
235,13,1888,-0.029791235498851164,0.22284066677093506,-1.852749228477478,-0.22008110582828522,7.5
236,13,1896,-0.03885531611740589,0.10480563789606094,-2.9978411197662354,-0.311877578496933,3.875
237,13,1904,-0.053759267926216124,0.16935259103775024,-3.2568652629852295,-0.3726632297039032,4.25
238,13,1912,-0.04415451437234878,0.14845181703567506,-2.1500484943389893,-0.27998149394989014,3.875
239,13,1920,-0.03988715950399637,0.09345288872718811,-3.3798351287841797,-0.15019147098064423,6.375
240,13,1928,-0.0404707670211792,0.1694995194673538,-3.3329215049743652,-0.39968740940093994,4.0
241,13,1936,-0.03654391993768513,0.16213730871677398,-3.428614616394043,-0.1468508094549179,15.625
242,13,1944,-0.03187119445065036,0.07471832931041718,-3.5025277137756348,-0.1846860945224762,7.0
243,13,1952,-0.046076588705182074,0.12181829959154129,-3.09289813041687,-0.40751051902770996,3.125
244,13,1960,-0.06991518586874008,0.10092267692089081,-2.1358213424682617,-0.5768818259239197,2.75
245,13,1968,-0.04094957788474858,0.07191193252801895,-2.762712240219116,-0.4067317545413971,3.25
246,13,1976,-0.057931816950440404,0.26233562231063845,-2.5476856231689453,-0.4776364266872406,3.0
247,13,1984,-0.06514074867591262,0.14271208345890046,-2.889535427093506,-0.6102537512779236,2.875
248,13,1992,-0.08770603481680155,0.1097112774848938,-3.574819326400757,-0.6635406613349915,2.125
249,13,2000,-0.05171487666666508,0.09911944568157197,-2.521005630493164,-0.2644136846065521,4.375
250,13,2008,-0.037802497297525404,0.0965533047914505,-3.155111074447632,-0.4397851526737213,3.25
251,13,2016,-0.0669387362897396,0.11783173978328705,-2.4434056282043457,-0.46580156683921814,3.0
252,13,2024,-0.029096789285540582,0.09167490601539612,-2.390289545059204,-0.2349255084991455,6.625
253,14,2032,-0.047201036289334294,0.15133093893527985,-2.4636595249176025,-0.3436073958873749,3.625
254,14,2040,-0.04377833586186171,0.08314011543989182,-3.1490726470947266,-0.5733709335327148,3.25
255,14,2048,-0.029552722349762917,0.08297035545110702,-3.7064929008483887,-0.1501913070678711,11.5
256,14,2056,-0.02721620942465961,0.09446004927158355,-2.7459146976470947,-0.3512221872806549,4.25
257,14,2064,-0.013585386238992215,0.06024120822548866,-3.657480239868164,-0.07277778536081314,16.875
258,14,2072,-0.043191251903772356,0.061301079392433164,-2.911916494369507,-0.4153567850589752,3.25
259,14,2080,-0.03608674146234989,0.06631883233785629,-2.9247305393218994,-0.6740018725395203,2.25
260,14,2088,-0.030412254855036736,0.08897517323493957,-2.52927303314209,-0.2332374006509781,5.375
261,14,2096,-0.03257849179208279,0.05907220169901848,-2.9911446571350098,-0.2665695548057556,6.375
262,14,2104,-0.03284750822931528,0.08378503769636154,-2.9658095836639404,-0.3548738658428192,3.0
263,14,2112,-0.03369720559567213,0.19315770268440247,-2.555853843688965,-0.3691096305847168,3.5
264,14,2120,-0.018535060249269007,0.11798768341541291,-3.593290090560913,-0.06338529288768768,30.0
265,14,2128,-0.02183378303889185,0.05826747938990593,-2.620558261871338,-0.13566462695598602,11.25
266,14,2136,-0.03035528431646526,0.15596398413181306,-3.0842950344085693,-0.3701976537704468,3.375
267,14,2144,-0.026836132910102607,0.07536000460386276,-3.510134220123291,-0.1421710103750229,9.5
268,14,2152,-0.03639503084123134,0.059824627637863156,-2.464002847671509,-0.228878453373909,5.5
269,14,2160,-0.012134841090301052,0.07959912121295928,-4.1640472412109375,-0.07017697393894196,23.125
270,14,2168,-0.03411088054999709,0.10285934656858445,-1.8154748678207397,-0.1776220202445984,9.0
271,14,2176,-0.019633310567587613,0.039582999795675276,-2.4448068141937256,-0.36350566148757935,3.25
272,14,2184,-0.06507548550143838,0.11437826305627823,-2.3755435943603516,-0.44471728801727295,3.375
273,15,2192,-0.018197415256872775,0.11257697641849518,-4.207780361175537,-0.05420811474323273,20.25
274,15,2200,-0.01852154405787587,0.07013479173183441,-2.552037239074707,-0.13907869160175323,9.5
275,15,2208,-0.035103561170399186,0.15869268476963044,-2.0667474269866943,-0.23780198395252228,4.125
276,15,2216,-0.033979508094489574,0.10368806272745132,-2.700584888458252,-0.25717878341674805,4.375
277,15,2224,-0.011096502048894763,0.08513938933610916,-4.176144123077393,-0.0748477429151535,20.0
278,15,2232,-0.03173548150807619,0.15539816915988922,-3.228297710418701,-0.2406209111213684,4.5
279,15,2240,-0.023203461337834595,0.09276728183031083,-3.129439353942871,-0.1261366307735443,11.5
280,15,2248,-0.02217825911939144,0.1402238577604294,-2.573936939239502,-0.12225740402936935,13.75
281,15,2256,-0.014972884370945395,0.07713802307844161,-2.441356897354126,-0.09040296822786331,16.875
282,15,2264,-0.021493114717304706,0.09210511445999145,-3.5523805618286133,-0.23339976370334625,5.125
283,15,2272,-0.011188501911237835,0.0880137875676155,-3.9575881958007812,-0.04393145442008972,32.375
284,15,2280,-0.012768083461560309,0.11541702896356583,-3.548823356628418,-0.056093789637088776,19.125
285,15,2288,-0.01344359272334259,0.08468646109104157,-2.474745750427246,-0.08732505887746811,16.75
286,15,2296,-0.014382988074794411,0.10915579497814179,-3.8604629039764404,-0.034780338406562805,20.5
287,15,2304,-0.022981982305645944,0.059403596073389055,-3.2787818908691406,-0.1764921247959137,8.125
288,15,2312,-0.030063080415129662,0.06520988494157791,-2.9413461685180664,-0.42661231756210327,3.125
289,15,2320,-0.034553175792098045,0.2663780927658081,-2.23103404045105,-0.26400065422058105,4.625
290,15,2328,-0.02654400710016489,0.08135089427232742,-3.327327251434326,-0.13302329182624817,10.125
291,15,2336,-0.021625358052551745,0.07616574913263321,-3.3784615993499756,-0.06374151259660721,20.125
292,16,2344,-0.020924133178777993,0.10420904159545899,-4.332665920257568,-0.05987376347184181,18.75
293,16,2352,-0.01773369633592665,0.0769118309020996,-3.259930372238159,-0.09306898713111877,12.0
294,16,2360,-0.015623150393366814,0.07914017289876937,-3.1657490730285645,-0.08178919553756714,20.25
295,16,2368,-0.029151974990963937,0.10066107958555222,-3.119353771209717,-0.15569865703582764,8.25
296,16,2376,-0.018834905605763196,0.09209878146648406,-3.5481646060943604,-0.05907704681158066,19.25
297,16,2384,-0.01293999208137393,0.05792965143918991,-3.2150521278381348,-0.0349295511841774,41.75
298,16,2392,-0.024806601274758578,0.1005221426486969,-3.5199928283691406,-0.09617531299591064,12.0
299,16,2400,-0.018381203804165126,0.06569632440805435,-3.0218076705932617,-0.08437200635671616,13.75
300,16,2408,-0.020986423548310994,0.13990419507026672,-2.8383493423461914,-0.12376584112644196,15.0
301,16,2416,-0.012077894061803818,0.09422871619462966,-4.081830978393555,-0.07246556878089905,26.625
302,16,2424,-0.038821973372250795,0.05062501132488251,-3.2654852867126465,-0.26847052574157715,3.875
303,16,2432,-0.013771980788442306,0.09385063797235489,-3.671436309814453,-0.051538292318582535,26.0
304,16,2440,-0.02528465879149735,0.07641268521547318,-2.829213857650757,-0.13132897019386292,10.0
305,16,2448,-0.03342030430212617,0.14798634350299836,-1.4601587057113647,-0.41350844502449036,3.375
306,16,2456,-0.013470112421782688,0.09354729503393173,-2.9219112396240234,-0.06282889097929001,25.5
307,16,2464,-0.018086866894736885,0.1002149760723114,-4.261842250823975,-0.09885372221469879,13.625
308,16,2472,-0.020225821621716024,0.0926395297050476,-3.475473165512085,-0.06414397060871124,19.25
309,16,2480,-0.016243966482579707,0.06994863748550414,-2.6832115650177,-0.2433861792087555,4.25
310,16,2488,-0.03607776768039912,0.09508924931287766,-2.9768524169921875,-0.2180212438106537,5.5
311,16,2496,-0.04119281922467053,0.1074845939874649,-3.307690143585205,-0.23344330489635468,5.625
312,17,2504,-0.018435083143413068,0.19134728014469146,-2.937497138977051,-0.3733498752117157,3.0
313,17,2512,-0.02631727233529091,0.07508351057767867,-2.846926212310791,-0.5386199355125427,3.0
314,17,2520,-0.04212413812056184,0.11382442116737365,-2.1872293949127197,-0.2217787206172943,4.875
315,17,2528,-0.03394838303793222,0.09018374383449554,-3.3075485229492188,-0.13749933242797852,9.25
316,17,2536,-0.02936104442924261,0.07195900976657868,-2.440260410308838,-0.16534356772899628,10.375
317,17,2544,-0.013543158210814,0.11251857578754425,-4.033554553985596,-0.06353365629911423,24.875
318,17,2552,-0.018582173995673655,0.08148152530193328,-2.4922614097595215,-0.12344131618738174,9.375
319,17,2560,-0.02405155301094055,0.07394486367702484,-2.404787063598633,-0.20629970729351044,7.625
320,17,2568,-0.029258573800325392,0.06698510348796845,-3.4213244915008545,-0.13651695847511292,7.25
321,17,2576,-0.016998340748250483,0.0886419028043747,-3.5332112312316895,-0.1498100310564041,10.25
322,17,2584,-0.03678193595260382,0.13510363399982453,-2.8558385372161865,-0.1691041737794876,6.0
323,17,2592,-0.02513001193292439,0.06065759509801864,-3.0424110889434814,-0.18934103846549988,8.25
324,17,2600,-0.0681976318359375,0.06336065977811814,-2.2417218685150146,-0.47147443890571594,2.75
325,17,2608,-0.02514900002279319,0.04461360201239586,-3.0416409969329834,-0.12899282574653625,10.375
326,17,2616,-0.031565307453274724,0.05316081643104553,-3.2406435012817383,-0.3539826273918152,3.875
327,17,2624,-0.027784047089517115,0.10236050635576248,-2.6647462844848633,-0.14507924020290375,9.75
328,17,2632,-0.012338252732297406,0.040930069983005524,-3.718794107437134,-0.07174286246299744,15.5
329,17,2640,-0.01998134646564722,0.12789156436920165,-3.7120895385742188,-0.13408783078193665,9.375
330,17,2648,-0.02612869255244732,0.22520572543144227,-3.251934766769409,-0.44419655203819275,3.375
331,18,2656,-0.028439723141491412,0.03660256788134575,-2.809840440750122,-0.2150181531906128,4.125
332,18,2664,-0.021864866092801093,0.09306927472352981,-3.137786388397217,-0.4143436849117279,3.25
333,18,2672,-0.02590082548558712,0.2109910398721695,-3.575838804244995,-0.46845340728759766,3.0
334,18,2680,-0.017782865557819605,0.08069030940532684,-3.123026132583618,-0.394529789686203,3.5
335,18,2688,-0.03045338373631239,0.12283699065446854,-3.0804443359375,-0.12389454245567322,10.625
336,18,2696,-0.029598636832088233,0.09728515893220901,-3.101785659790039,-0.2687767446041107,5.25
337,18,2704,-0.03126661702990532,0.07301599085330963,-2.179516553878784,-0.34782880544662476,5.25
338,18,2712,-0.034567640349268916,0.09747607707977295,-2.015747308731079,-0.5865969061851501,3.25
339,18,2720,-0.03046940267086029,0.06192979663610458,-3.101123809814453,-0.45452216267585754,3.375
340,18,2728,-0.042257887125015256,0.10663165003061295,-4.115259647369385,-0.31380295753479004,4.0
341,18,2736,-0.022544315597042442,0.05011410042643547,-2.5198569297790527,-0.5275108218193054,3.125
342,18,2744,-0.014964136749040336,0.08585433512926102,-2.9197838306427,-0.4579010307788849,3.25
343,18,2752,-0.022582931513898074,0.11439130455255508,-2.0281026363372803,-0.4312492311000824,3.0
344,18,2760,-0.020274829119443893,0.1041940227150917,-2.921792507171631,-0.15107770264148712,8.0
345,18,2768,-0.023126250691711904,0.10117179155349731,-2.8779022693634033,-0.5262386202812195,2.75
346,18,2776,-0.023077582474797964,0.07925833463668823,-3.1968889236450195,-0.16921520233154297,8.125
347,18,2784,-0.02888821535743773,0.12520042359828948,-2.078932762145996,-0.45981863141059875,3.0
348,18,2792,-0.019129680516198278,0.0784570887684822,-2.73164439201355,-0.48283353447914124,3.0
349,18,2800,-0.03099466535495594,0.08853402733802795,-3.0982298851013184,-0.16580446064472198,7.0
350,18,2808,-0.0289394854567945,0.05099940299987793,-2.587812900543213,-0.5255607962608337,2.75
351,19,2816,-0.02794519029557705,0.12882486879825591,-2.9129552841186523,-0.49994826316833496,3.125
352,19,2824,-0.008205832960084081,0.030605773255228997,-2.8759801387786865,-0.44649258255958557,3.0
353,19,2832,-0.041574986279010774,0.07308031916618347,-1.8938257694244385,-0.4244345724582672,3.0
354,19,2840,-0.014303827134426683,0.054511099308729175,-2.416360378265381,-0.2962483763694763,4.5
355,19,2848,-0.0080822697840631,0.17609478831291198,-3.349085807800293,-0.44959351420402527,3.0
356,19,2856,-0.010513614933006465,0.06314542442560196,-2.14168119430542,-0.4894571602344513,3.125
357,19,2864,-0.03337901243939996,0.0631013423204422,-3.4466114044189453,-0.47475266456604004,3.125
358,19,2872,-0.028698449954390526,0.06253225430846214,-2.770812511444092,-0.4562527537345886,2.75
359,19,2880,-0.04565965123474598,0.08475691080093384,-3.3684585094451904,-0.571135401725769,3.25
360,19,2888,-0.024816279672086237,0.08692161291837693,-2.904505729675293,-0.10400422662496567,17.375
361,19,2896,-0.043725010380148886,0.10652531087398528,-3.2565231323242188,-0.19254115223884583,7.375
362,19,2904,-0.03985182512551546,0.08366398811340332,-2.9752516746520996,-0.39479801058769226,3.75
363,19,2912,-0.03201175191788934,0.04105332195758819,-3.0977261066436768,-0.5439546704292297,3.25
364,19,2920,-0.04316878707613796,0.07151724845170974,-2.114381790161133,-0.24412797391414642,6.5
365,19,2928,-0.01953333381097764,0.09574882984161377,-3.434696674346924,-0.07433997094631195,24.625
366,19,2936,-0.03943253494799137,0.028066669777035713,-2.87565279006958,-0.2859833836555481,3.5
367,19,2944,-0.012327837198972702,0.09859002381563187,-3.536365509033203,-0.0700945034623146,36.5
368,19,2952,-0.02773158235941082,0.06151104494929314,-2.684962272644043,-0.21232764422893524,6.375
369,19,2960,-0.024897545203566553,0.07166006118059158,-3.6972076892852783,-0.12391674518585205,12.75
370,20,2968,-0.03589210594072938,0.07064942121505738,-3.552053928375244,-0.2206052988767624,6.5
371,20,2976,-0.038056670874357226,0.03802905380725861,-3.368757724761963,-0.28621214628219604,4.625
372,20,2984,-0.030373223312199115,0.0663325846195221,-2.9117186069488525,-0.3942420184612274,3.0
373,20,2992,-0.031023051124066114,0.15042751133441926,-1.8685964345932007,-0.4674314260482788,3.25
374,20,3000,-0.03957582050934434,0.029171979799866677,-2.9943127632141113,-0.27624285221099854,4.375
375,20,3008,-0.04614117722958326,0.08897299319505692,-2.6237165927886963,-0.15969623625278473,6.25
376,20,3016,-0.03801144883036613,0.09299490302801132,-3.2626700401306152,-0.5624753832817078,3.125
377,20,3024,-0.010483473259955644,0.07515893578529358,-4.208648681640625,-0.07178554683923721,23.5
378,20,3032,-0.03895363062620163,0.10765323042869568,-3.6499197483062744,-0.20333744585514069,8.5
379,20,3040,-0.036881241900846365,0.0670864760875702,-2.3163719177246094,-0.29647961258888245,5.375
380,20,3048,-0.042151058092713356,0.06805388331413269,-2.9924559593200684,-0.5237825512886047,3.0
381,20,3056,-0.03489841055124998,0.11239723861217499,-2.1920993328094482,-0.3886094093322754,3.25
382,20,3064,-0.04358585551381111,0.05733358487486839,-3.4001927375793457,-0.21709811687469482,6.625
383,20,3072,-0.023009996209293605,0.07652959525585175,-2.5405397415161133,-0.47274231910705566,3.125
384,20,3080,-0.025911799259483816,0.06978111863136291,-4.111246109008789,-0.18409676849842072,9.0
385,20,3088,-0.03306274171918631,0.11680598556995392,-2.2607412338256836,-0.5879306197166443,2.75
386,20,3096,-0.026139316335320472,0.20230157673358917,-1.7975786924362183,-0.22762949764728546,5.0
387,20,3104,-0.0395063379779458,0.04580862820148468,-2.463512659072876,-0.4951651692390442,3.25
388,20,3112,-0.03991817561909557,0.07637144029140472,-2.968726634979248,-0.4362393915653229,3.375
389,20,3120,-0.03413085658103228,0.03668194264173508,-2.758350372314453,-0.23151318728923798,5.125
390,21,3128,-0.018112468905746935,0.08834492117166519,-2.7722702026367188,-0.0843551903963089,19.125
391,21,3136,-0.0136602401122218,0.07278801053762436,-2.7886552810668945,-0.5773254036903381,3.0
392,21,3144,-0.04046041704714298,0.06980509012937545,-3.4556498527526855,-0.5068380832672119,3.0
393,21,3152,-0.030166049487888813,0.03820420950651169,-2.9548003673553467,-0.18066513538360596,6.375
394,21,3160,-0.030878720548935236,0.08623151779174805,-2.7071220874786377,-0.3852882981300354,3.875
395,21,3168,-0.05760821886360645,0.0656241461634636,-3.746396780014038,-0.28445395827293396,4.75
396,21,3176,-0.02794598340988159,0.0880787655711174,-3.189286708831787,-0.4128616154193878,3.625
397,21,3184,-0.027958979783579706,0.09679192006587982,-3.5623562335968018,-0.14557944238185883,9.25
398,21,3192,-0.015761018195189536,0.07838465869426728,-2.1731972694396973,-0.47406527400016785,3.0
399,21,3200,-0.03271525900345296,0.028603765368461608,-2.899329662322998,-0.5279006958007812,3.0
